frame,detections,avg_conf,small_boxes,medium_boxes,large_boxes,deepsort_tracks,bytetrack_tracks,frame_time_ms,fps,gpu_memory_mb
1,13,0.48250484466552734,13,0,0,0,13,171.5261936187744,5.830013357741444,333.61767578125
2,12,0.47847601771354675,12,0,0,12,12,35.63714027404785,28.06061295351,333.61767578125
3,13,0.5238479375839233,13,0,0,12,13,36.03672981262207,27.749465758953086,333.61767578125
4,12,0.5271722674369812,12,0,0,10,12,35.48789024353027,28.17862637473379,333.61767578125
5,11,0.488319993019104,11,0,0,11,11,41.864871978759766,23.886374249689624,333.61767578125
6,11,0.5226370692253113,11,0,0,10,11,39.632320404052734,25.231931660951695,333.61767578125
7,13,0.42165449261665344,13,0,0,10,13,38.13529014587402,26.222430619377185,333.61767578125
8,13,0.41129907965660095,13,0,0,11,13,38.14864158630371,26.213253170173804,333.61767578125
9,12,0.4293057918548584,12,0,0,11,12,33.76889228820801,29.613053086411036,333.61767578125
10,13,0.42087921500205994,13,0,0,11,13,32.949209213256836,30.349742038654405,333.61767578125
11,10,0.4625632166862488,10,0,0,11,10,38.330078125,26.089171974522294,333.61767578125
12,11,0.48276758193969727,11,0,0,9,11,30.853748321533203,32.41097287690287,333.61767578125
13,9,0.5083238482475281,9,0,0,9,9,32.33218193054199,30.928936443208883,333.61767578125
14,10,0.5163712501525879,10,0,0,9,10,28.698444366455078,34.84509429259782,333.61767578125
15,13,0.46300140023231506,13,0,0,8,13,32.17649459838867,31.07858741238015,333.61767578125
16,12,0.5199097394943237,12,0,0,8,12,32.11808204650879,31.135109454915263,333.61767578125
17,11,0.5310196280479431,11,0,0,10,11,31.410694122314453,31.836291044889407,333.61767578125
18,12,0.4592396318912506,12,0,0,10,12,32.53340721130371,30.737635117804405,333.61767578125
19,14,0.4345396161079407,14,0,0,11,14,52.45327949523926,19.06458489579782,337.39013671875
20,12,0.49141716957092285,12,0,0,12,12,38.91348838806152,25.69803020555709,337.39013671875
21,13,0.43710440397262573,13,0,0,11,13,40.82465171813965,24.495003825241923,337.39013671875
22,10,0.43215498328208923,10,0,0,8,10,37.66274452209473,26.55143730731979,337.39013671875
23,9,0.417167991399765,9,0,0,7,9,37.23454475402832,26.85678062149027,337.39013671875
24,13,0.4048512876033783,13,0,0,8,13,41.51773452758789,24.08609263917123,337.39013671875
25,12,0.4186573028564453,12,0,0,9,12,40.1310920715332,24.918335095828233,337.39013671875
26,10,0.4494530260562897,10,0,0,11,10,38.152456283569336,26.21063222161814,337.39013671875
27,9,0.47556352615356445,9,0,0,9,9,37.23454475402832,26.85678062149027,337.39013671875
28,12,0.40101733803749084,12,0,0,7,12,40.89188575744629,24.45472937911412,337.39013671875
29,6,0.4818808138370514,6,0,0,8,6,51.10907554626465,19.565996631944284,337.39013671875
30,10,0.4278305172920227,10,0,0,6,10,38.7578010559082,25.801257366420195,337.39013671875
31,11,0.4126278758049011,11,0,0,6,11,40.636539459228516,24.608394644512504,337.39013671875
32,13,0.41023409366607666,13,0,0,6,13,43.656110763549805,22.906300687576117,337.39013671875
33,9,0.46274858713150024,9,0,0,6,9,39.423465728759766,25.36560349311175,337.39013671875
34,10,0.44645851850509644,10,0,0,6,10,40.871381759643555,24.466997614144795,337.39013671875
35,10,0.4286048412322998,10,0,0,8,10,40.56382179260254,24.65250944826816,337.39013671875
36,13,0.41486650705337524,13,0,0,8,13,44.45338249206543,22.49547602319108,337.39013671875
37,12,0.37833520770072937,12,0,0,6,12,43.06221008300781,23.222217300792842,337.39013671875
38,9,0.490167498588562,9,0,0,7,9,33.753156661987305,29.62685860804826,337.39013671875
39,12,0.43368783593177795,12,0,0,6,12,32.686710357666016,30.59347328188595,337.39013671875
40,8,0.47226595878601074,8,0,0,6,8,35.10594367980957,28.485204930557913,337.39013671875
41,9,0.46387577056884766,9,0,0,7,9,30.408143997192383,32.88592687841557,337.39013671875
42,6,0.46110329031944275,6,0,0,7,6,27.400970458984375,36.4950577753028,337.39013671875
43,8,0.443084180355072,8,0,0,6,8,29.27088737487793,34.16363799268557,337.39013671875
44,8,0.44804811477661133,8,0,0,7,8,29.15191650390625,34.30306202564773,337.39013671875
45,10,0.4282572269439697,10,0,0,9,10,31.63933753967285,31.60622433216533,337.39013671875
46,10,0.4018661379814148,10,0,0,9,10,31.696557998657227,31.5491669487382,337.39013671875
47,11,0.39326849579811096,11,0,0,7,11,32.42182731628418,30.843418856214196,337.39013671875
48,10,0.4022238254547119,10,0,0,7,10,42.82331466674805,23.35176545258165,337.39013671875
49,11,0.39479872584342957,11,0,0,7,11,44.17276382446289,22.63838423092285,337.39013671875
50,10,0.46355944871902466,10,0,0,9,10,43.21789741516113,23.13856202660135,337.39013671875
51,10,0.3498219847679138,10,0,0,10,10,37.509918212890625,26.659615580189158,337.39013671875
52,12,0.4567776620388031,12,0,0,8,12,36.37218475341797,27.493536799601458,337.39013671875
53,16,0.3917306065559387,16,0,0,8,16,84.18107032775879,11.87915520801176,345.39013671875
54,16,0.4420703053474426,16,0,0,8,16,133.30817222595215,7.501415579421786,345.39013671875
55,15,0.47160279750823975,15,0,0,12,15,87.86249160766602,11.381420919239558,345.39013671875
56,14,0.45185449719429016,14,0,0,12,14,60.32586097717285,16.57663867206798,345.39013671875
57,16,0.4723913371562958,16,0,0,12,16,84.70296859741211,11.805961662960565,345.39013671875
58,15,0.48611316084861755,15,0,0,12,15,172.46651649475098,5.798226927314526,345.39013671875
59,15,0.49944359064102173,15,0,0,9,15,40.89784622192383,24.451165339458313,345.39013671875
60,14,0.45238155126571655,14,0,0,13,14,43.320655822753906,23.083676389653274,345.39013671875
61,15,0.47994646430015564,15,0,0,12,15,42.775869369506836,23.377666304378117,345.39013671875
62,15,0.5011271238327026,15,0,0,12,15,43.961286544799805,22.74728695623878,345.39013671875
63,13,0.5295050144195557,13,0,0,12,13,42.71531105041504,23.410809272107212,345.39013671875
64,17,0.47490838170051575,17,0,0,11,17,115.73600769042969,8.640353334761615,349.39013671875
65,14,0.4720962643623352,14,0,0,11,14,93.57523918151855,10.686587699339844,349.39013671875
66,15,0.510694682598114,15,0,0,11,15,128.83496284484863,7.7618681910458145,349.39013671875
67,16,0.4850292503833771,16,0,0,13,16,153.87988090515137,6.498575344078808,349.39013671875
68,17,0.5129937529563904,17,0,0,11,17,194.3187713623047,5.146183217346067,349.39013671875
69,18,0.4945414364337921,18,0,0,12,18,48.42185974121094,20.651829676606138,353.39013671875
70,18,0.4986828565597534,18,0,0,12,18,49.24178123474121,20.30795748904544,353.39013671875
71,13,0.46378421783447266,13,0,0,12,13,44.92759704589844,22.25803438760348,353.39013671875
72,17,0.4375178813934326,17,0,0,11,17,131.39653205871582,7.610550935645244,353.39013671875
73,14,0.4778498113155365,14,0,0,12,14,46.50473594665527,21.503186280792598,353.39013671875
74,14,0.508543848991394,14,0,0,12,14,45.60256004333496,21.92859346163297,353.39013671875
75,14,0.4844570457935333,14,0,0,13,14,46.308279037475586,21.594410778917887,353.39013671875
76,17,0.4785134792327881,17,0,0,14,17,53.84492874145508,18.5718511171527,353.39013671875
77,19,0.44617754220962524,19,0,0,14,19,57.524681091308594,17.383842570334387,357.39013671875
78,19,0.43266943097114563,19,0,0,14,19,53.08985710144043,18.835989671045244,357.39013671875
79,17,0.42519909143447876,17,0,0,15,17,51.5592098236084,19.395176990127396,357.39013671875
80,17,0.42162224650382996,17,0,0,15,17,51.20134353637695,19.530737494994273,357.39013671875
81,14,0.4477638304233551,14,0,0,14,14,49.32594299316406,20.273307296701596,357.39013671875
82,13,0.4600589871406555,13,0,0,11,13,47.70493507385254,20.962191824638037,357.39013671875
83,18,0.41409361362457275,18,0,0,12,18,142.73762702941895,7.005861179084159,357.39013671875
84,18,0.42023634910583496,18,0,0,19,18,52.43730545043945,19.07039256517746,357.39013671875
85,19,0.4157359004020691,19,0,0,19,19,55.451393127441406,18.033812021669963,357.39013671875
86,15,0.4689060151576996,15,0,0,19,15,51.2697696685791,19.50467120223585,357.39013671875
87,14,0.49702882766723633,14,0,0,15,14,218.4593677520752,4.5775102724588965,357.39013671875
88,18,0.46061891317367554,18,0,0,14,18,67.0633316040039,14.911278281025583,357.39013671875
89,22,0.4444313943386078,22,0,0,15,22,82.67998695373535,12.094825324048042,369.95263671875
90,16,0.47101205587387085,16,0,0,17,16,73.73785972595215,13.561554454068979,369.95263671875
91,18,0.43606868386268616,18,0,0,16,18,70.6779956817627,14.148675133667291,369.95263671875
92,13,0.48574569821357727,13,0,0,14,13,64.01371955871582,15.621651216232825,369.95263671875
93,18,0.4208749830722809,18,0,0,13,18,110.61382293701172,9.040461431022441,369.95263671875
94,13,0.5028063058853149,13,0,0,15,13,65.18816947937012,15.340206788847885,369.95263671875
95,12,0.5110136270523071,12,0,0,11,12,62.964439392089844,15.881980521939324,369.95263671875
96,16,0.46211931109428406,16,0,0,13,16,67.63601303100586,14.78502287740671,369.95263671875
97,16,0.4453011751174927,16,0,0,14,16,71.04825973510742,14.07494010026913,369.95263671875
98,16,0.47758835554122925,16,0,0,13,16,70.8310604095459,14.11810008516024,369.95263671875
99,20,0.45992311835289,20,0,0,18,20,88.19866180419922,11.338040504741413,369.95263671875
100,15,0.4833506941795349,15,0,0,18,15,71.97332382202148,13.894036663817834,369.95263671875
101,16,0.48384952545166016,16,0,0,15,16,130.37419319152832,7.670229633029704,369.95263671875
102,14,0.46727365255355835,14,0,0,14,14,95.6413745880127,10.455725927273905,369.95263671875
103,17,0.4497363865375519,17,0,0,16,17,103.38473320007324,9.6726080248693,369.95263671875
104,17,0.4618372917175293,17,0,0,19,17,119.65298652648926,8.357501379864146,369.95263671875
105,16,0.49136969447135925,16,0,0,16,16,178.41458320617676,5.6049229946881365,369.95263671875
106,16,0.4896376132965088,16,0,0,13,16,60.419321060180664,16.550996973368004,369.95263671875
107,19,0.4670785665512085,19,0,0,16,19,68.56656074523926,14.584368665004572,369.95263671875
108,17,0.4848518967628479,17,0,0,18,17,68.29071044921875,14.64328008043794,369.95263671875
109,16,0.465400755405426,16,0,0,17,16,62.81900405883789,15.918749667909003,369.95263671875
110,16,0.5228416323661804,16,0,0,18,16,84.15651321411133,11.882621579815172,369.95263671875
111,20,0.4529034495353699,20,0,0,18,20,153.16104888916016,6.529075161424898,369.95263671875
112,20,0.4885135591030121,20,0,0,20,20,99.09224510192871,10.091607057357269,369.95263671875
113,18,0.5015972852706909,18,0,0,21,18,68.79210472106934,14.536551891451644,369.95263671875
114,18,0.5091173648834229,18,0,0,19,18,67.14940071105957,14.892165669548545,369.95263671875
115,16,0.5003666877746582,16,0,0,17,16,62.104225158691406,16.101964036178806,369.95263671875
116,13,0.5239306092262268,13,0,0,15,13,59.79466438293457,16.723900206142815,369.95263671875
117,15,0.5048478841781616,15,0,0,15,15,89.41960334777832,11.183230103478708,369.95263671875
118,16,0.5134088397026062,16,0,0,15,16,106.45294189453125,9.393822117107431,369.95263671875
119,19,0.4828296899795532,19,0,0,17,19,115.57149887084961,8.652652338769903,369.95263671875
120,18,0.4398808181285858,18,0,0,18,18,122.07460403442383,8.191712010124643,369.95263671875
121,16,0.47887393832206726,16,0,0,18,16,110.69107055664062,9.034152393424543,369.95263671875
122,16,0.45892348885536194,16,0,0,17,16,105.80635070800781,9.451228525589025,369.95263671875
123,17,0.444688081741333,17,0,0,18,17,125.26607513427734,7.983007361953849,369.95263671875
124,19,0.4328094720840454,19,0,0,20,19,116.85466766357422,8.557638475161388,369.95263671875
125,17,0.44150251150131226,17,0,0,20,17,125.30303001403809,7.980652980921267,369.95263671875
126,19,0.4117974042892456,19,0,0,21,19,118.82472038269043,8.41575723283312,369.95263671875
127,16,0.45573902130126953,16,0,0,20,16,106.86755180358887,9.357377268620255,369.95263671875
128,19,0.4000645577907562,19,0,0,21,19,120.1024055480957,8.326227900568938,369.95263671875
129,21,0.4387015700340271,21,0,0,21,21,117.61140823364258,8.50257653588703,369.95263671875
130,21,0.4366726279258728,21,0,0,22,21,134.1092586517334,7.456606725393114,369.95263671875
131,14,0.5045672655105591,14,0,0,19,14,63.478946685791016,15.753254460093897,369.95263671875
132,13,0.4891657531261444,13,0,0,16,13,56.795358657836914,17.60707254310146,369.95263671875
133,11,0.49402305483818054,11,0,0,15,11,57.08575248718262,17.51750579489214,369.95263671875
134,13,0.4792611300945282,13,0,0,14,13,56.285858154296875,17.76645205015249,369.95263671875
135,12,0.47761663794517517,12,0,0,13,12,54.95810508728027,18.195678297348067,369.95263671875
136,16,0.4733949303627014,16,0,0,16,16,93.69087219238281,10.673398342867612,369.95263671875
137,12,0.5383263230323792,12,0,0,16,12,81.90441131591797,12.20935458705448,369.95263671875
138,10,0.6049319505691528,10,0,0,12,10,53.3289909362793,18.75152674827207,369.95263671875
139,12,0.5026382803916931,12,0,0,12,12,55.76729774475098,17.9316560141938,369.95263671875
140,14,0.44721531867980957,14,0,0,14,14,59.74936485290527,16.736579584768183,369.95263671875
141,15,0.486103892326355,15,0,0,14,15,97.37849235534668,10.269208074724252,369.95263671875
142,14,0.4735032916069031,14,0,0,15,14,61.89370155334473,16.15673283230804,369.95263671875
143,13,0.531662106513977,13,0,0,16,13,60.78600883483887,16.451154125237785,369.95263671875
144,12,0.5453326106071472,12,0,0,15,12,53.44867706298828,18.709536979213134,369.95263671875
145,13,0.5128335356712341,13,0,0,12,13,59.8299503326416,16.714036940365418,369.95263671875
146,11,0.47707483172416687,11,0,0,12,11,57.09338188171387,17.51516492877933,369.95263671875
147,12,0.4888017475605011,12,0,0,12,12,57.39331245422363,17.423632775989198,369.95263671875
148,11,0.4962007403373718,11,0,0,11,11,55.0081729888916,18.179116768737998,369.95263671875
149,11,0.4683588147163391,11,0,0,11,11,55.58037757873535,17.991961256171688,369.95263671875
150,12,0.4735550582408905,12,0,0,12,12,57.06024169921875,17.525337611980213,369.95263671875
151,11,0.43661925196647644,11,0,0,13,11,58.008432388305664,17.23887301946117,369.95263671875
152,15,0.3886338472366333,15,0,0,15,15,72.24011421203613,13.842724515424246,369.95263671875
153,14,0.4048340320587158,14,0,0,17,14,71.00391387939453,14.083730675728312,369.95263671875
154,11,0.4491350054740906,11,0,0,14,11,62.110185623168945,16.100418795511864,369.95263671875
155,14,0.4731045365333557,14,0,0,14,14,67.37589836120605,14.842102655744085,369.95263671875
156,7,0.549095094203949,7,0,0,13,7,59.10372734069824,16.91940669385516,369.95263671875
157,11,0.48802345991134644,11,0,0,9,11,84.87224578857422,11.782414742401258,369.95263671875
158,8,0.5125620365142822,8,0,0,10,8,63.897132873535156,15.650154475306339,369.95263671875
159,10,0.5237681865692139,10,0,0,10,10,82.81421661376953,12.075221391803034,369.95263671875
160,12,0.4275090992450714,12,0,0,13,12,85.80231666564941,11.654696969275955,369.95263671875
161,14,0.3795638978481293,14,0,0,14,14,72.57318496704102,13.779194070842395,369.95263671875
162,12,0.44777965545654297,12,0,0,15,12,63.30609321594238,15.796267771396291,369.95263671875
163,13,0.45684370398521423,13,0,0,14,13,59.36551094055176,16.844797326875423,369.95263671875
164,15,0.4120781123638153,15,0,0,15,15,87.23759651184082,11.462947627910282,369.95263671875
165,11,0.4268379509449005,11,0,0,19,11,62.42871284484863,16.018270350780043,369.95263671875
166,11,0.4604506492614746,11,0,0,15,11,56.604623794555664,17.66640131077387,369.95263671875
167,9,0.46371471881866455,9,0,0,11,9,54.12626266479492,18.47531957255244,369.95263671875
168,8,0.4402848482131958,8,0,0,10,8,53.03239822387695,18.85639785284624,369.95263671875
169,12,0.43377789855003357,12,0,0,12,12,57.43765830993652,17.41018052309774,369.95263671875
170,12,0.4634855091571808,12,0,0,12,12,57.753562927246094,17.314949057943494,369.95263671875
171,13,0.4760206341743469,13,0,0,12,13,61.02132797241211,16.38771284119058,369.95263671875
172,11,0.48177507519721985,11,0,0,14,11,57.5869083404541,17.365057941433403,369.95263671875
173,11,0.4381379187107086,11,0,0,11,11,57.47246742248535,17.3996357707928,369.95263671875
174,12,0.46623456478118896,12,0,0,15,12,58.67767333984375,17.042257183721233,369.95263671875
175,10,0.4642482399940491,10,0,0,13,10,56.20408058166504,17.79230243873469,369.95263671875
176,13,0.4451160132884979,13,0,0,11,13,59.85903739929199,16.705915154122206,369.95263671875
177,13,0.481134295463562,13,0,0,14,13,60.2419376373291,16.599731668995105,369.95263671875
178,14,0.4943826496601105,14,0,0,13,14,71.27141952514648,14.03086969029953,369.95263671875
179,15,0.44676223397254944,15,0,0,17,15,93.1539535522461,10.73491743363466,369.95263671875
180,14,0.45080703496932983,14,0,0,17,14,78.15194129943848,12.795587459158677,369.95263671875
181,14,0.48329609632492065,14,0,0,13,14,76.87973976135254,13.007328108864128,369.95263671875
182,14,0.47618886828422546,14,0,0,13,14,73.48275184631348,13.608635698503289,369.95263671875
183,16,0.4313993752002716,16,0,0,14,16,114.7923469543457,8.711382130706953,369.95263671875
184,15,0.44615671038627625,15,0,0,18,15,75.94728469848633,13.167027682030225,369.95263671875
185,11,0.4761219024658203,11,0,0,14,11,65.1237964630127,15.35537014596429,369.95263671875
186,17,0.4460965096950531,17,0,0,14,17,77.9411792755127,12.83018821751619,369.95263671875
187,11,0.5000548958778381,11,0,0,14,11,63.02142143249512,15.867620521240415,369.95263671875
188,14,0.44889241456985474,14,0,0,15,14,80.81269264221191,12.374293781143699,369.95263671875
189,12,0.4644656479358673,12,0,0,16,12,93.47295761108398,10.698281359200518,369.95263671875
190,15,0.41597780585289,15,0,0,13,15,79.41007614135742,12.59286035968415,369.95263671875
191,16,0.4025159478187561,16,0,0,15,16,122.1473217010498,8.186835258225768,369.95263671875
192,15,0.45570194721221924,15,0,0,17,15,74.22661781311035,13.472256037824938,369.95263671875
193,12,0.4715186059474945,12,0,0,15,12,80.23953437805176,12.462684482794481,369.95263671875
194,13,0.49309471249580383,13,0,0,13,13,69.5645809173584,14.375131522577329,369.95263671875
195,15,0.4698711037635803,15,0,0,13,15,71.4268684387207,14.000333793969011,369.95263671875
196,12,0.48172029852867126,12,0,0,13,12,67.02923774719238,14.918862777040703,369.95263671875
197,11,0.4527030885219574,11,0,0,11,11,60.690879821777344,16.476940241047156,369.95263671875
198,10,0.536948561668396,10,0,0,11,10,52.42729187011719,19.074034998362862,369.95263671875
199,12,0.45115402340888977,12,0,0,11,12,60.45413017272949,16.541467012142938,369.95263671875
200,15,0.4268665015697479,15,0,0,13,15,73.2431411743164,13.65315555787034,369.95263671875
201,11,0.4717564880847931,11,0,0,17,11,63.9796257019043,15.629975777901993,369.95263671875
202,16,0.42634880542755127,16,0,0,16,16,73.62699508666992,13.581974910463904,369.95263671875
203,15,0.43091046810150146,15,0,0,17,15,77.41189002990723,12.917912217537397,369.95263671875
204,6,0.5131258964538574,6,0,0,14,6,60.68706512451172,16.477975956627642,369.95263671875
205,10,0.45426374673843384,10,0,0,7,10,58.28428268432617,17.15728415868315,369.95263671875
206,11,0.4751723110675812,11,0,0,8,11,59.73362922668457,16.740988500884086,369.95263671875
207,17,0.4049464166164398,17,0,0,13,17,90.00229835510254,11.110827370813542,369.95263671875
208,12,0.48215994238853455,12,0,0,16,12,65.66929817199707,15.227816161227432,369.95263671875
209,12,0.4440354108810425,12,0,0,9,12,61.66481971740723,16.216701915009608,369.95263671875
210,9,0.4637996256351471,9,0,0,8,9,57.56711959838867,17.371027193585526,369.95263671875
211,10,0.5007411241531372,10,0,0,8,10,58.73680114746094,17.02510147751258,369.95263671875
212,13,0.4871542155742645,13,0,0,10,13,97.79119491577148,10.225869525996792,369.95263671875
213,12,0.5026686787605286,12,0,0,13,12,92.2555923461914,10.839451295781345,369.95263671875
214,11,0.5018337368965149,11,0,0,13,11,62.81280517578125,15.920320660755497,369.95263671875
215,10,0.5239927172660828,10,0,0,10,10,88.78517150878906,11.263142065350491,369.95263671875
216,13,0.5029658079147339,13,0,0,10,13,94.64097023010254,10.566248397165408,369.95263671875
217,11,0.530106782913208,11,0,0,12,11,89.84255790710449,11.130582468878291,369.95263671875
218,13,0.46209394931793213,13,0,0,11,13,95.83926200866699,10.434137106664776,369.95263671875
219,13,0.4552428424358368,13,0,0,13,13,95.12066841125488,10.51296228992518,369.95263671875
220,12,0.491007924079895,12,0,0,12,12,92.71740913391113,10.785460997467117,369.95263671875
221,13,0.4771665334701538,13,0,0,13,13,92.90456771850586,10.763733415454102,369.95263671875
222,14,0.5032875537872314,14,0,0,14,14,94.8021411895752,10.548284959095035,369.95263671875
223,13,0.5214150547981262,13,0,0,14,13,84.02872085571289,11.900692879963229,369.95263671875
224,12,0.523080050945282,12,0,0,13,12,93.38092803955078,10.708824821021885,369.95263671875
225,10,0.5962108373641968,10,0,0,13,10,62.830448150634766,15.915850187834403,369.95263671875
226,12,0.5384181141853333,12,0,0,13,12,61.602115631103516,16.233208709719868,369.95263671875
227,14,0.5016416907310486,14,0,0,16,14,67.05021858215332,14.914194482076883,369.95263671875
228,14,0.49016669392585754,14,0,0,16,14,70.27697563171387,14.229411425450277,369.95263671875
229,14,0.4897380471229553,14,0,0,16,14,70.21307945251465,14.242360651284402,369.95263671875
230,14,0.502633810043335,14,0,0,17,14,65.87386131286621,15.180528058777755,369.95263671875
231,11,0.5650792121887207,11,0,0,13,11,62.17646598815918,16.083255683757244,369.95263671875
232,15,0.48982375860214233,15,0,0,15,15,106.08196258544922,9.426673259315862,369.95263671875
233,10,0.5252745747566223,10,0,0,13,10,62.711477279663086,15.94604438260129,369.95263671875
234,12,0.5467879772186279,12,0,0,11,12,60.35804748535156,16.567799020382367,369.95263671875
235,10,0.5697940587997437,10,0,0,11,10,60.227155685424805,16.603805851685003,369.95263671875
236,15,0.49014899134635925,15,0,0,12,15,73.87328147888184,13.536693916675004,369.95263671875
237,16,0.4516066908836365,16,0,0,16,16,105.56960105895996,9.4724237845846,369.95263671875
238,13,0.48455336689949036,13,0,0,15,13,67.63434410095215,14.785387709347537,369.95263671875
239,12,0.4885110557079315,12,0,0,12,12,62.813758850097656,15.920078949366127,369.95263671875
240,10,0.518363356590271,10,0,0,10,10,64.5589828491211,15.489711204667996,369.95263671875
241,11,0.5148464441299438,11,0,0,10,11,58.15386772155762,17.195760818317858,369.95263671875
242,11,0.5050215125083923,11,0,0,12,11,57.355642318725586,17.43507629891049,369.95263671875
243,10,0.5176092982292175,10,0,0,13,10,50.06742477416992,19.97306641015629,369.95263671875
244,13,0.45965543389320374,13,0,0,14,13,63.83085250854492,15.666405205321858,369.95263671875
245,9,0.5632251501083374,9,0,0,12,9,52.82735824584961,18.929585601198696,369.95263671875
246,7,0.599821925163269,7,0,0,10,7,46.512603759765625,21.499548921512343,369.95263671875
247,12,0.47734037041664124,12,0,0,10,12,71.99215888977051,13.890401613474767,369.95263671875
248,10,0.5062823295593262,10,0,0,13,10,60.78743934631348,16.45076698004793,369.95263671875
249,12,0.49740007519721985,12,0,0,11,12,67.44980812072754,14.825839062582846,369.95263671875
250,12,0.4966440200805664,12,0,0,13,12,68.56918334960938,14.583810848400557,369.95263671875
251,9,0.5234532356262207,9,0,0,14,9,56.16164207458496,17.80574718011199,369.95263671875
252,9,0.5485015511512756,9,0,0,9,9,54.95595932006836,18.19638875150758,369.95263671875
253,9,0.46283021569252014,9,0,0,9,9,53.83706092834473,18.574565229906693,369.95263671875
254,13,0.46117210388183594,13,0,0,13,13,60.69445610046387,16.475969375930486,369.95263671875
255,9,0.5271474719047546,9,0,0,14,9,57.47413635253906,17.399130521355325,369.95263671875
256,8,0.5193766355514526,8,0,0,10,8,47.33157157897949,21.12754693410839,369.95263671875
257,10,0.4991937577724457,10,0,0,11,10,54.98981475830078,18.185185827509063,369.95263671875
258,12,0.4613751173019409,12,0,0,14,12,57.29317665100098,17.45408543309544,369.95263671875
259,14,0.47084999084472656,14,0,0,14,14,73.98533821105957,13.516191507394051,369.95263671875
260,10,0.5501298904418945,10,0,0,13,10,61.22279167175293,16.333786367689953,369.95263671875
261,10,0.529226541519165,10,0,0,13,10,55.18698692321777,18.1202137632792,369.95263671875
262,12,0.47241243720054626,12,0,0,13,12,57.57021903991699,17.370091979442325,369.95263671875
263,12,0.494531512260437,12,0,0,15,12,68.17007064819336,14.66919412715178,369.95263671875
264,13,0.48222076892852783,13,0,0,15,13,70.43170928955078,14.198150379808538,369.95263671875
265,13,0.49525150656700134,13,0,0,14,13,69.3824291229248,14.41287099113092,369.95263671875
266,14,0.48066845536231995,14,0,0,14,14,72.4782943725586,13.79723417413387,369.95263671875
267,12,0.5085378289222717,12,0,0,14,12,59.885263442993164,16.698598995927174,369.95263671875
268,13,0.49456626176834106,13,0,0,12,13,70.13082504272461,14.259065102838688,369.95263671875
269,14,0.5232661366462708,14,0,0,13,14,73.82965087890625,13.54469360338948,369.95263671875
270,14,0.5369407534599304,14,0,0,14,14,72.98660278320312,13.701144619244237,369.95263671875
271,13,0.5488998889923096,13,0,0,14,13,70.98960876464844,14.086568688035682,369.95263671875
272,14,0.5207965970039368,14,0,0,14,14,72.8456974029541,13.727646733456178,369.95263671875
273,11,0.5203884243965149,11,0,0,13,11,69.66686248779297,14.354026638923491,369.95263671875
274,9,0.5226298570632935,9,0,0,10,9,66.0710334777832,15.135225640692546,369.95263671875
275,13,0.45653825998306274,13,0,0,11,13,66.12348556518555,15.123219707076462,369.95263671875
276,13,0.4986833333969116,13,0,0,14,13,69.3502426147461,14.41956022497559,369.95263671875
277,11,0.526738703250885,11,0,0,11,11,61.934471130371094,16.14609734690421,369.95263671875
278,16,0.45848509669303894,16,0,0,13,16,134.0169906616211,7.461740448454745,369.95263671875
279,15,0.5084580779075623,15,0,0,15,15,85.16550064086914,11.741843733378126,369.95263671875
280,17,0.49312618374824524,17,0,0,15,17,124.67098236083984,8.021112700513283,369.95263671875
281,15,0.4780316948890686,15,0,0,19,15,99.16806221008301,10.083891705794812,369.95263671875
282,13,0.5469422936439514,13,0,0,16,13,70.46222686767578,14.192001082763754,369.95263671875
283,17,0.48821622133255005,17,0,0,17,17,114.23754692077637,8.753689368815833,369.95263671875
284,18,0.46917641162872314,18,0,0,19,18,127.5014877319336,7.843045738434497,369.95263671875
285,15,0.49965181946754456,15,0,0,19,15,141.83831214904785,7.050281301635701,369.95263671875
286,16,0.5277112722396851,16,0,0,17,16,155.27772903442383,6.440073577958549,369.95263671875
287,16,0.535913348197937,16,0,0,16,16,114.06159400939941,8.767192924882266,369.95263671875
288,17,0.51936936378479,17,0,0,17,17,145.27559280395508,6.88346872794709,369.95263671875
289,15,0.4956345558166504,15,0,0,18,15,78.80949974060059,12.68882562751285,369.95263671875
290,15,0.5273815989494324,15,0,0,15,15,73.88710975646973,13.534160468530679,369.95263671875
291,16,0.4850180745124817,16,0,0,17,16,115.88644981384277,8.629136552257629,369.95263671875
292,13,0.46936485171318054,13,0,0,17,13,92.38243103027344,10.82456901001342,369.95263671875
293,16,0.4512764811515808,16,0,0,16,16,112.90240287780762,8.857207415525808,369.95263671875
294,16,0.4338226914405823,16,0,0,18,16,100.93402862548828,9.907461473775712,369.95263671875
295,13,0.4534562826156616,13,0,0,17,13,75.06752014160156,13.321340549330488,369.95263671875
296,15,0.4803709089756012,15,0,0,16,15,75.42705535888672,13.25784223236525,369.95263671875
297,16,0.4601588249206543,16,0,0,18,16,68.2380199432373,14.654587000499632,369.95263671875
298,13,0.4442077875137329,13,0,0,19,13,93.0788516998291,10.74357903796353,369.95263671875
299,14,0.4608672559261322,14,0,0,18,14,65.70720672607422,15.219030755163356,369.95263671875
300,12,0.43590423464775085,12,0,0,16,12,69.10061836242676,14.471650524964721,369.95263671875
301,12,0.4935596287250519,12,0,0,14,12,68.03059577941895,14.699268594418609,369.95263671875
302,13,0.46258074045181274,13,0,0,15,13,62.041521072387695,16.11823795927308,369.95263671875
303,12,0.5473858714103699,12,0,0,13,12,68.34268569946289,14.632143729286586,369.95263671875
304,12,0.499191552400589,12,0,0,13,12,54.75592613220215,18.262863412913703,369.95263671875
305,12,0.48043787479400635,12,0,0,13,12,67.86608695983887,14.73489993008983,369.95263671875
306,14,0.46169060468673706,14,0,0,13,14,89.75005149841309,11.14205488804295,369.95263671875
307,13,0.47046390175819397,13,0,0,15,13,89.04361724853516,11.23045122042648,369.95263671875
308,12,0.49646255373954773,12,0,0,12,12,86.22550964355469,11.597495963014577,369.95263671875
309,14,0.47183114290237427,14,0,0,15,14,76.25126838684082,13.11453594354342,369.95263671875
310,14,0.4554387032985687,14,0,0,16,14,72.00932502746582,13.887090312519659,369.95263671875
311,12,0.5081579089164734,12,0,0,16,12,64.80240821838379,15.431525270326452,369.95263671875
312,11,0.5378444790840149,11,0,0,15,11,57.36398696899414,17.432540045386155,369.95263671875
313,11,0.5740305185317993,11,0,0,13,11,58.424949645996094,17.115975384816284,369.95263671875
314,10,0.5411547422409058,10,0,0,11,10,72.3419189453125,13.82324404134149,369.95263671875
315,12,0.533893883228302,12,0,0,12,12,57.810306549072266,17.29795359502462,369.95263671875
316,14,0.4455176889896393,14,0,0,15,14,70.2204704284668,14.240861587771539,369.95263671875
317,11,0.4963558316230774,11,0,0,14,11,61.284780502319336,16.31726493598447,369.95263671875
318,14,0.4517987072467804,14,0,0,16,14,68.27068328857422,14.647575677148085,369.95263671875
319,14,0.46027907729148865,14,0,0,16,14,73.75741004943848,13.557959794544239,369.95263671875
320,14,0.4332280158996582,14,0,0,16,14,69.25034523010254,14.440361223864462,369.95263671875
321,13,0.4260818660259247,13,0,0,19,13,70.24812698364258,14.235254987408448,369.95263671875
322,11,0.44124117493629456,11,0,0,16,11,64.72110748291016,15.450909894643779,369.95263671875
323,13,0.41115573048591614,13,0,0,14,13,68.03250312805176,14.698856488019933,369.95263671875
324,12,0.3999219238758087,12,0,0,15,12,64.84603881835938,15.421142420142361,369.95263671875
325,10,0.44450101256370544,10,0,0,13,10,55.252790451049805,18.09863342351789,369.95263671875
326,12,0.43005606532096863,12,0,0,10,12,57.77859687805176,17.3074469445946,369.95263671875
327,14,0.45509281754493713,14,0,0,13,14,72.21269607543945,13.847980401608547,369.95263671875
328,12,0.4654121398925781,12,0,0,17,12,82.21077919006348,12.163855030349431,369.95263671875
329,12,0.4695647954940796,12,0,0,12,12,87.02707290649414,11.490677172084665,369.95263671875
330,14,0.44479018449783325,14,0,0,13,14,92.6046371459961,10.798595306015262,369.95263671875
331,15,0.43933823704719543,15,0,0,12,15,96.27437591552734,10.38697982189379,369.95263671875
332,14,0.4749397933483124,14,0,0,11,14,84.6562385559082,11.812478525603114,369.95263671875
333,13,0.4757433533668518,13,0,0,15,13,90.1651382446289,11.090761013274102,369.95263671875
334,15,0.4402998685836792,15,0,0,17,15,94.5897102355957,10.571974451653231,369.95263671875
335,12,0.4709491431713104,12,0,0,13,12,91.4909839630127,10.930038750094464,369.95263671875
336,10,0.5248411893844604,10,0,0,12,10,68.30763816833496,14.639651242744405,369.95263671875
337,12,0.4298016130924225,12,0,0,7,12,74.41353797912598,13.438414933053092,369.95263671875
338,9,0.47689691185951233,9,0,0,6,9,84.1219425201416,11.887504853570952,369.95263671875
339,7,0.5550665855407715,7,0,0,6,7,77.4087905883789,12.918429449666744,369.95263671875
340,12,0.3890531361103058,12,0,0,7,12,94.51103210449219,10.580775362757564,369.95263671875
341,12,0.4204978942871094,12,0,0,9,12,77.62694358825684,12.882125120166098,369.95263671875
342,14,0.4185076057910919,14,0,0,11,14,96.39620780944824,10.373852070786391,369.95263671875
343,10,0.4739065170288086,10,0,0,9,10,60.632944107055664,16.492684211975007,369.95263671875
344,9,0.49999120831489563,9,0,0,9,9,54.535627365112305,18.336636953033807,369.95263671875
345,8,0.4927746653556824,8,0,0,10,8,52.84905433654785,18.921814449732704,369.95263671875
346,11,0.45023342967033386,11,0,0,12,11,56.01787567138672,17.851444525783553,369.95263671875
347,10,0.4738237261772156,10,0,0,10,10,55.72652816772461,17.944774829507047,369.95263671875
348,10,0.4686589241027832,10,0,0,11,10,55.716514587402344,17.947999931533815,369.95263671875
349,11,0.46641823649406433,11,0,0,12,11,59.06391143798828,16.930812329452795,369.95263671875
350,12,0.43845227360725403,12,0,0,12,12,58.65073204040527,17.050085569453536,369.95263671875
351,8,0.4829385280609131,8,0,0,11,8,53.61008644104004,18.653206259978564,369.95263671875
352,14,0.4182202219963074,14,0,0,12,14,64.3918514251709,15.529915321072723,369.95263671875
353,10,0.39895710349082947,10,0,0,12,10,59.12423133850098,16.913539125350322,369.95263671875
354,14,0.4223455488681793,14,0,0,11,14,63.6591911315918,15.708650741930892,369.95263671875
355,10,0.47850099205970764,10,0,0,11,10,58.1812858581543,17.187657255255502,369.95263671875
356,13,0.46796244382858276,13,0,0,13,13,59.189796447753906,16.894803834689437,369.95263671875
357,13,0.46549007296562195,13,0,0,14,13,59.47279930114746,16.814409473755948,369.95263671875
358,13,0.4335775077342987,13,0,0,12,13,61.92755699157715,16.14790003965458,369.95263671875
359,11,0.5032320618629456,11,0,0,12,11,57.874202728271484,17.278855739839006,369.95263671875
360,12,0.4845207631587982,12,0,0,13,12,57.41238594055176,17.417844313863913,369.95263671875
361,15,0.4118366837501526,15,0,0,16,15,91.10188484191895,10.976721302036854,369.95263671875
362,12,0.42149388790130615,12,0,0,16,12,63.70687484741211,15.69689303383906,369.95263671875
363,14,0.40971609950065613,14,0,0,11,14,63.13920021057129,15.838021334843765,369.95263671875
364,13,0.4185173809528351,13,0,0,13,13,61.933040618896484,16.146470284794777,369.95263671875
365,16,0.4131147265434265,16,0,0,13,16,109.07578468322754,9.167937713252764,369.95263671875
366,14,0.4366494119167328,14,0,0,15,14,67.43383407592773,14.82935107729513,369.95263671875
367,16,0.4302680790424347,16,0,0,17,16,104.96950149536133,9.526576631824728,369.95263671875
368,13,0.4382883906364441,13,0,0,17,13,66.34879112243652,15.071864657709487,369.95263671875
369,11,0.4199301600456238,11,0,0,13,11,57.079315185546875,17.51948138742231,369.95263671875
370,11,0.42858636379241943,11,0,0,12,11,58.16936492919922,17.191179604885647,369.95263671875
371,14,0.3886147439479828,14,0,0,14,14,64.12911415100098,15.59354145521736,369.95263671875
372,7,0.4305349290370941,7,0,0,12,7,54.69536781311035,18.28308392434473,369.95263671875
373,10,0.3804364800453186,10,0,0,11,10,55.10234832763672,18.148046868239327,369.95263671875
374,11,0.41038501262664795,11,0,0,13,11,57.58237838745117,17.366424034647522,369.95263671875
375,10,0.39322012662887573,10,0,0,9,10,56.256771087646484,17.77563803727782,369.95263671875
376,14,0.4056932032108307,14,0,0,13,14,63.19856643676758,15.823143725902955,369.95263671875
377,13,0.4292297661304474,13,0,0,14,13,62.17217445373535,16.084365856370965,369.95263671875
378,11,0.47695496678352356,11,0,0,14,11,61.38777732849121,16.289887718998443,369.95263671875
379,13,0.4025117754936218,13,0,0,12,13,63.51780891418457,15.743616114829232,369.95263671875
380,17,0.4063738286495209,17,0,0,15,17,108.38031768798828,9.226767565665009,369.95263671875
381,16,0.4047888219356537,16,0,0,18,16,151.75652503967285,6.589502492486407,369.95263671875
382,13,0.420988529920578,13,0,0,16,13,60.708045959472656,16.472281131690153,369.95263671875
383,14,0.3973458707332611,14,0,0,17,14,62.53337860107422,15.991459639169754,369.95263671875
384,17,0.39336898922920227,17,0,0,18,17,141.72124862670898,7.056104922092386,369.95263671875
385,13,0.4060359001159668,13,0,0,18,13,64.4381046295166,15.51876806044259,369.95263671875
386,15,0.3719821572303772,15,0,0,17,15,62.84618377685547,15.911865126936675,369.95263671875
387,14,0.4053610861301422,14,0,0,15,14,73.26245307922363,13.649556600549978,369.95263671875
388,15,0.3880615532398224,15,0,0,17,15,72.19362258911133,13.851639024841315,369.95263671875
389,12,0.42202436923980713,12,0,0,18,12,72.09444046020508,13.870695071861793,369.95263671875
390,15,0.42486822605133057,15,0,0,13,15,98.20055961608887,10.18324135737576,369.95263671875
391,16,0.4065122604370117,16,0,0,17,16,78.66144180297852,12.712708756402874,369.95263671875
392,16,0.40703481435775757,16,0,0,15,16,78.69768142700195,12.706854660357124,369.95263671875
393,12,0.4459894001483917,12,0,0,13,12,76.67708396911621,13.041706181768431,369.95263671875
394,8,0.5072323083877563,8,0,0,11,8,54.31842803955078,18.40995838966238,369.95263671875
395,12,0.43425652384757996,12,0,0,13,12,51.74112319946289,19.326986701563925,369.95263671875
396,15,0.419303834438324,15,0,0,15,15,124.33958053588867,8.042491342580696,369.95263671875
397,13,0.43060970306396484,13,0,0,17,13,72.02386856079102,13.884286139892085,369.95263671875
398,13,0.41218501329421997,13,0,0,15,13,88.64545822143555,11.280893799454555,369.95263671875
399,11,0.39459657669067383,11,0,0,14,11,91.23778343200684,10.96037148628485,369.95263671875
400,13,0.38543933629989624,13,0,0,13,13,62.86215782165527,15.90782172697724,369.95263671875
401,10,0.43057575821876526,10,0,0,16,10,64.31961059570312,15.547357807959196,369.95263671875
402,13,0.4038256108760834,13,0,0,15,13,68.15218925476074,14.673042948948927,369.95263671875
403,16,0.4256107807159424,16,0,0,19,16,87.16964721679688,11.47188306857468,369.95263671875
404,15,0.4122774302959442,15,0,0,20,15,76.0812759399414,13.143838449678478,369.95263671875
405,12,0.4661213457584381,12,0,0,18,12,68.23182106018066,14.655918374478047,369.95263671875
406,15,0.41176027059555054,15,0,0,17,15,90.53993225097656,11.044850323368935,369.95263671875
407,12,0.44666051864624023,12,0,0,18,12,59.363365173339844,16.84540620431507,369.95263671875
408,16,0.4131314754486084,16,0,0,17,16,106.20760917663574,9.415521239508202,369.95263671875
409,15,0.41510897874832153,15,0,0,15,15,67.8093433380127,14.747230260220173,369.95263671875
410,17,0.38457557559013367,17,0,0,18,17,77.26025581359863,12.943265453490632,369.95263671875
411,16,0.41895246505737305,16,0,0,18,16,80.86562156677246,12.366194442396992,369.95263671875
412,17,0.45464062690734863,17,0,0,18,17,79.97393608093262,12.504073814598954,369.95263671875
413,15,0.45419108867645264,15,0,0,17,15,69.09513473510742,14.472799044878299,369.95263671875
414,16,0.45752471685409546,16,0,0,16,16,79.78296279907227,12.534004315162237,369.95263671875
415,17,0.4226556122303009,17,0,0,19,17,80.19018173217773,12.470354579564848,369.95263671875
416,16,0.450883150100708,16,0,0,21,16,80.27386665344238,12.457354325750758,369.95263671875
417,21,0.3960815966129303,21,0,0,22,21,146.4529037475586,6.828133648505212,369.95263671875
418,16,0.440485417842865,16,0,0,23,16,131.26611709594727,7.6181121383293675,369.95263671875
419,17,0.4498928189277649,17,0,0,21,17,136.4593505859375,7.328189645532819,369.95263671875
420,15,0.45095378160476685,15,0,0,19,15,77.52442359924316,12.899160723456996,369.95263671875
421,20,0.4145415723323822,20,0,0,22,20,180.68909645080566,5.534368258199019,369.95263671875
422,18,0.4235117733478546,18,0,0,22,18,152.13298797607422,6.573196341593375,369.95263671875
423,15,0.44019144773483276,15,0,0,20,15,78.94134521484375,12.667633130375954,369.95263671875
424,11,0.43962323665618896,11,0,0,17,11,60.13226509094238,16.630007176473853,369.95263671875
425,14,0.40766361355781555,14,0,0,14,14,67.65270233154297,14.781375548006034,369.95263671875
426,18,0.4135698974132538,18,0,0,16,18,114.49146270751953,8.734275694901418,369.95263671875
427,14,0.41148295998573303,14,0,0,16,14,67.98243522644043,14.709681944595443,369.95263671875
428,14,0.4338684380054474,14,0,0,14,14,68.8629150390625,14.521604254376246,369.95263671875
429,14,0.40160438418388367,14,0,0,17,14,68.07923316955566,14.688767094503493,369.95263671875
430,16,0.4071986675262451,16,0,0,17,16,117.86460876464844,8.484311028400356,369.95263671875
431,19,0.3745148181915283,19,0,0,22,19,184.61990356445312,5.416534082691076,369.95263671875
432,15,0.42584508657455444,15,0,0,21,15,85.58773994445801,11.683916418974821,369.95263671875
433,16,0.4124133586883545,16,0,0,18,16,137.6645565032959,7.264033861730114,369.95263671875
434,15,0.41198769211769104,15,0,0,19,15,82.61942863464355,12.103690578909246,369.95263671875
435,12,0.4351901710033417,12,0,0,15,12,69.97537612915039,14.290741333842139,369.95263671875
436,17,0.43144989013671875,17,0,0,14,17,93.68610382080078,10.673941590235858,369.95263671875
437,14,0.4077165126800537,14,0,0,21,14,71.32649421691895,14.020035766215967,369.95263671875
438,16,0.41588422656059265,16,0,0,18,16,83.40764045715332,11.989309306905788,369.95263671875
439,14,0.45108839869499207,14,0,0,19,14,69.42152976989746,14.404753155318966,369.95263671875
440,18,0.38546568155288696,18,0,0,18,18,138.1986141204834,7.235962577223724,369.95263671875
441,19,0.41437628865242004,19,0,0,21,19,162.74189949035645,6.144699079533951,369.95263671875
442,18,0.3956182301044464,18,0,0,20,18,127.66337394714355,7.833100200015314,369.95263671875
443,15,0.4020940661430359,15,0,0,19,15,101.70197486877441,9.832650755211935,369.95263671875
444,13,0.43314698338508606,13,0,0,16,13,66.52545928955078,15.031839098585088,369.95263671875
445,15,0.39657580852508545,15,0,0,17,15,107.44094848632812,9.307438309959169,369.95263671875
446,16,0.3897041976451874,16,0,0,18,16,103.54232788085938,9.657886011126257,369.95263671875
447,15,0.41369903087615967,15,0,0,21,15,122.6956844329834,8.15024590816967,369.95263671875
448,17,0.39216920733451843,17,0,0,16,17,166.24975204467773,6.015046565189832,369.95263671875
449,17,0.3761226236820221,17,0,0,14,17,116.90592765808105,8.553886188942752,369.95263671875
450,13,0.3892371356487274,13,0,0,15,13,67.89898872375488,14.727759850275117,369.95263671875
451,11,0.3973596692085266,11,0,0,13,11,86.63558959960938,11.542600501959402,369.95263671875
452,13,0.45703715085983276,13,0,0,12,13,99.42913055419922,10.057414707603181,369.95263671875
453,13,0.45019567012786865,13,0,0,13,13,82.00407028198242,12.19451664486117,369.95263671875
454,12,0.4297023117542267,12,0,0,14,12,99.05672073364258,10.095226175404477,369.95263671875
455,9,0.4357474446296692,9,0,0,12,9,96.96078300476074,10.31344806643012,369.95263671875
456,13,0.4452846944332123,13,0,0,13,13,84.2750072479248,11.865914138199306,369.95263671875
457,16,0.3874501585960388,16,0,0,14,16,87.83197402954102,11.385375440425197,369.95263671875
458,17,0.410378098487854,17,0,0,18,17,87.4483585357666,11.43532041931922,369.95263671875
459,17,0.4295263886451721,17,0,0,19,17,92.6661491394043,10.79142717472406,369.95263671875
460,16,0.42811447381973267,16,0,0,14,16,90.05069732666016,11.104855705586445,369.95263671875
461,17,0.40316882729530334,17,0,0,14,17,92.44465827941895,10.817282670648707,369.95263671875
462,14,0.4793904423713684,14,0,0,16,14,81.46786689758301,12.27477824179619,369.95263671875
463,16,0.46139127016067505,16,0,0,15,16,90.43765068054199,11.057341632329177,369.95263671875
464,13,0.4653560221195221,13,0,0,15,13,114.46833610534668,8.736040323672453,369.95263671875
465,15,0.44660794734954834,15,0,0,15,15,98.12593460083008,10.19098573754161,369.95263671875
466,18,0.41336536407470703,18,0,0,20,18,142.5325870513916,7.015939447162631,369.95263671875
467,14,0.46957579255104065,14,0,0,17,14,78.57537269592285,12.7266338763658,369.95263671875
468,15,0.44677793979644775,15,0,0,20,15,85.23750305175781,11.731925082235001,369.95263671875
469,15,0.4828799068927765,15,0,0,17,15,106.06932640075684,9.427796271862293,369.95263671875
470,12,0.5033029913902283,12,0,0,15,12,68.32695007324219,14.63551349691539,369.95263671875
471,15,0.48601728677749634,15,0,0,15,15,81.6643238067627,12.245249251879425,369.95263671875
472,16,0.44617336988449097,16,0,0,19,16,73.88067245483398,13.535339714339191,369.95263671875
473,12,0.4565841853618622,12,0,0,18,12,71.5782642364502,13.97072156844458,369.95263671875
474,14,0.4612399637699127,14,0,0,15,14,77.40354537963867,12.919304859943201,369.95263671875
475,15,0.45388031005859375,15,0,0,15,15,80.61671257019043,12.404375818839444,369.95263671875
476,16,0.4218311905860901,16,0,0,16,16,105.31497001647949,9.495326256500114,369.95263671875
477,14,0.4366554617881775,14,0,0,15,14,83.5573673248291,11.967825603127274,369.95263671875
478,17,0.4700038433074951,17,0,0,19,17,86.48371696472168,11.562870273116483,369.95263671875
479,17,0.40860864520072937,17,0,0,19,17,90.72065353393555,11.022848282568132,369.95263671875
480,16,0.44491153955459595,16,0,0,17,16,110.49628257751465,9.050078216871109,369.95263671875
481,19,0.4448383152484894,19,0,0,21,19,90.91663360595703,10.999087409396536,369.95263671875
482,15,0.4511791169643402,15,0,0,20,15,85.53647994995117,11.690918314444513,369.95263671875
483,15,0.49667879939079285,15,0,0,16,15,88.65189552307129,11.280074657171365,369.95263671875
484,14,0.48422569036483765,14,0,0,17,14,83.80126953125,11.932993445010926,369.95263671875
485,10,0.5923089385032654,10,0,0,13,10,67.60525703430176,14.791749101591567,369.95263671875
486,15,0.5133283734321594,15,0,0,15,15,79.30469512939453,12.609593900693868,369.95263671875
487,13,0.534351110458374,13,0,0,16,13,69.82827186584473,14.320847033436788,369.95263671875
488,12,0.5450170040130615,12,0,0,14,12,56.6558837890625,17.65041745219499,369.95263671875
489,16,0.5002608299255371,16,0,0,17,16,116.39809608459473,8.591205815542114,369.95263671875
490,14,0.49842819571495056,14,0,0,17,14,80.65485954284668,12.398508975999952,369.95263671875
491,18,0.4503064751625061,18,0,0,21,18,129.8220157623291,7.702853742702194,369.95263671875
492,16,0.453052282333374,16,0,0,19,16,195.7550048828125,5.108426221841142,369.95263671875
493,18,0.46345484256744385,18,0,0,20,18,139.83845710754395,7.151108648395209,369.95263671875
494,14,0.5025508403778076,14,0,0,16,14,86.8539810180664,11.5135770206318,369.95263671875
495,16,0.48968788981437683,16,0,0,16,16,123.38829040527344,8.104496761527878,369.95263671875
496,15,0.4976290762424469,15,0,0,16,15,85.42871475219727,11.705665980117997,369.95263671875
497,17,0.46887245774269104,17,0,0,17,17,178.36713790893555,5.606413892846927,369.95263671875
498,16,0.4986084997653961,16,0,0,20,16,135.86950302124023,7.360003369142167,369.95263671875
499,14,0.5352604389190674,14,0,0,17,14,81.03418350219727,12.340471104677505,369.95263671875
500,14,0.5056621432304382,14,0,0,15,14,86.1215591430664,11.611494380156138,369.95263671875
501,17,0.49434539675712585,17,0,0,17,17,125.05626678466797,7.996400546018867,369.95263671875
502,14,0.5011962652206421,14,0,0,17,14,75.55675506591797,13.235083999141708,369.95263671875
503,16,0.4928184151649475,16,0,0,19,16,129.53591346740723,7.719866817101744,369.95263671875
504,16,0.5206162333488464,16,0,0,18,16,222.23305702209473,4.499780605999487,369.95263671875
505,16,0.5087522864341736,16,0,0,18,16,132.49707221984863,7.5473365806961255,369.95263671875
506,15,0.4920026361942291,15,0,0,18,15,95.52121162414551,10.468878932720987,369.95263671875
507,14,0.4815673232078552,14,0,0,15,14,87.1725082397461,11.471506558578664,369.95263671875
508,17,0.46301984786987305,17,0,0,18,17,146.29006385803223,6.835734250348363,369.95263671875
509,17,0.4709799289703369,17,0,0,20,17,137.7582550048828,7.259093111803392,369.95263671875
510,16,0.5275847911834717,16,0,0,20,16,140.3512954711914,7.1249787659085815,369.95263671875
511,20,0.4704992175102234,20,0,0,21,20,140.1042938232422,7.137539990470356,369.95263671875
512,18,0.48357248306274414,18,0,0,24,18,142.29536056518555,7.027636010254176,369.95263671875
513,15,0.5094769597053528,15,0,0,19,15,98.10757637023926,10.192892710204061,369.95263671875
514,17,0.5051491856575012,17,0,0,21,17,135.75124740600586,7.3664148146587,369.95263671875
515,17,0.4864982068538666,17,0,0,18,17,132.2782039642334,7.5598244459865,369.95263671875
516,15,0.5132282972335815,15,0,0,19,15,85.61182022094727,11.680630051074685,369.95263671875
517,17,0.47890540957450867,17,0,0,19,17,136.6434097290039,7.318318548865516,369.95263671875
518,17,0.4783508777618408,17,0,0,21,17,137.9544734954834,7.248768196217572,369.95263671875
519,14,0.4799194037914276,14,0,0,19,14,84.00964736938477,11.903394804207037,369.95263671875
520,15,0.4443812668323517,15,0,0,16,15,87.50224113464355,11.428278716441742,369.95263671875
521,16,0.45138615369796753,16,0,0,18,16,129.0454864501953,7.749205551531992,369.95263671875
522,19,0.4552343189716339,19,0,0,20,19,138.2272243499756,7.234464879856908,369.95263671875
523,17,0.4839577376842499,17,0,0,22,17,143.3398723602295,6.97642591369752,369.95263671875
524,15,0.4762912392616272,15,0,0,18,15,87.75043487548828,11.395954919413562,369.95263671875
525,15,0.5225056409835815,15,0,0,15,15,88.04726600646973,11.357536075299826,369.95263671875
526,15,0.4920281767845154,15,0,0,14,15,110.39614677429199,9.058287170516268,369.95263671875
527,16,0.5408504605293274,16,0,0,17,16,145.0202465057373,6.895588885655617,369.95263671875
528,15,0.5261921286582947,15,0,0,18,15,91.66693687438965,10.909058752233541,369.95263671875
529,19,0.44443950057029724,19,0,0,19,19,137.56942749023438,7.26905692815351,369.95263671875
530,18,0.44749996066093445,18,0,0,19,18,149.3227481842041,6.696903265980632,369.95263671875
531,16,0.46056678891181946,16,0,0,19,16,114.64166641235352,8.722832032143614,369.95263671875
532,18,0.4642775356769562,18,0,0,19,18,137.32004165649414,7.282258204534327,369.95263671875
533,16,0.4515498876571655,16,0,0,20,16,189.46075439453125,5.278137961583377,369.95263671875
534,22,0.41037610173225403,22,0,0,21,22,218.85132789611816,4.569312005612635,369.95263671875
535,13,0.465677410364151,13,0,0,19,13,87.76569366455078,11.393973638744308,369.95263671875
536,18,0.454622745513916,18,0,0,16,18,124.77564811706543,8.014384337733855,369.95263671875
537,18,0.4281705915927887,18,0,0,16,18,141.7257785797119,7.055879389207676,369.95263671875
538,20,0.4403059482574463,20,0,0,21,20,202.76832580566406,4.931736729721848,369.95263671875
539,19,0.4523909091949463,19,0,0,24,19,152.22454071044922,6.569243009917366,369.95263671875
540,18,0.4545368552207947,18,0,0,20,18,165.83895683288574,6.029946274973799,369.95263671875
541,19,0.4477100372314453,19,0,0,20,19,96.0536003112793,10.410853906145284,369.95263671875
542,17,0.42950335144996643,17,0,0,20,17,94.61545944213867,10.569097332466498,369.95263671875
543,16,0.4520229995250702,16,0,0,18,16,131.20222091674805,7.621822199446849,369.95263671875
544,16,0.45392632484436035,16,0,0,15,16,124.04537200927734,8.061566375287343,369.95263671875
545,18,0.4122428894042969,18,0,0,17,18,136.15965843200684,7.344319246360063,369.95263671875
546,17,0.42381751537323,17,0,0,19,17,134.9341869354248,7.411020310802096,369.95263671875
547,14,0.4662971794605255,14,0,0,16,14,73.86946678161621,13.537392965842669,369.95263671875
548,14,0.4648818373680115,14,0,0,15,14,75.27637481689453,13.284380423903817,369.95263671875
549,15,0.4749607741832733,15,0,0,17,15,84.98597145080566,11.766647870570644,369.95263671875
550,17,0.4615055024623871,17,0,0,17,17,184.8893165588379,5.408641335324353,369.95263671875
551,17,0.4578731060028076,17,0,0,19,17,188.9636516571045,5.292023049039139,369.95263671875
552,14,0.4583786427974701,14,0,0,19,14,96.40097618103027,10.373338939245922,369.95263671875
553,11,0.48388731479644775,11,0,0,14,11,73.37784767150879,13.628091198268832,369.95263671875
554,13,0.44708430767059326,13,0,0,14,13,71.96187973022461,13.896246231322268,369.95263671875
555,12,0.5166107416152954,12,0,0,14,12,63.1716251373291,15.829891946361917,369.95263671875
556,13,0.4716188609600067,13,0,0,14,13,63.347578048706055,15.785923168698414,369.95263671875
557,12,0.513124406337738,12,0,0,14,12,104.21538352966309,9.595512352697599,369.95263671875
558,12,0.47912928462028503,12,0,0,12,12,71.39825820922852,14.005943913499362,369.95263671875
559,14,0.46430811285972595,14,0,0,14,14,88.45734596252441,11.304883603716272,369.95263671875
560,13,0.5075034499168396,13,0,0,16,13,72.23892211914062,13.842952949252785,369.95263671875
561,15,0.49826180934906006,15,0,0,16,15,119.6749210357666,8.355969582809546,369.95263671875
562,14,0.5218364596366882,14,0,0,15,14,111.083984375,9.002197802197802,369.95263671875
563,14,0.47417548298835754,14,0,0,15,14,85.84737777709961,11.648579442886106,369.95263671875
564,14,0.48038896918296814,14,0,0,15,14,85.83974838256836,11.64961476288614,369.95263671875
565,13,0.47688087821006775,13,0,0,15,13,85.57844161987305,11.685185907472517,369.95263671875
566,15,0.41471460461616516,15,0,0,17,15,88.80352973937988,11.260813651605906,369.95263671875
567,14,0.46366897225379944,14,0,0,17,14,89.39075469970703,11.186839213510716,369.95263671875
568,13,0.46512916684150696,13,0,0,15,13,82.72910118103027,12.087644924508128,369.95263671875
569,13,0.46290963888168335,13,0,0,17,13,74.17964935302734,13.480786290063381,369.95263671875
570,13,0.49721452593803406,13,0,0,16,13,85.0834846496582,11.753162251377267,369.95263671875
571,10,0.5602056980133057,10,0,0,13,10,69.01359558105469,14.489898571152198,369.95263671875
572,17,0.4849534332752228,17,0,0,16,17,117.4170970916748,8.51664727513437,369.95263671875
573,15,0.4576824903488159,15,0,0,18,15,86.86447143554688,11.51218655307189,369.95263671875
574,17,0.4619097411632538,17,0,0,17,17,180.13906478881836,5.551266745901704,369.95263671875
575,15,0.5283688306808472,15,0,0,18,15,100.98648071289062,9.902315566803914,369.95263671875
576,19,0.4619933068752289,19,0,0,19,19,157.6995849609375,6.341170778906628,369.95263671875
577,18,0.5093795657157898,18,0,0,20,18,207.9317569732666,4.809270188240501,369.95263671875
578,16,0.5066334009170532,16,0,0,21,16,140.33746719360352,7.1256808320506675,369.95263671875
579,17,0.49867165088653564,17,0,0,19,17,179.54635620117188,5.56959228334077,369.95263671875
580,15,0.542350709438324,15,0,0,21,15,114.68839645385742,8.719277894885643,369.95263671875
581,14,0.5408014059066772,14,0,0,16,14,103.20186614990234,9.689747262394308,369.95263671875
582,13,0.5219477415084839,13,0,0,14,13,82.49163627624512,12.122441075738088,369.95263671875
583,12,0.5238721966743469,12,0,0,14,12,71.78354263305664,13.93076969064906,369.95263671875
584,13,0.4865032434463501,13,0,0,14,13,80.92164993286133,12.357632362040011,369.95263671875
585,12,0.4927540123462677,12,0,0,15,12,73.61555099487305,13.584086330748852,369.95263671875
586,11,0.5653116703033447,11,0,0,12,11,63.09366226196289,15.84945245131011,369.95263671875
587,13,0.4814560115337372,13,0,0,12,13,82.81731605529785,12.074769476135778,369.95263671875
588,13,0.558189332485199,13,0,0,13,13,100.4035472869873,9.959807467177049,369.95263671875
589,15,0.5098748803138733,15,0,0,14,15,83.31179618835449,12.003102150614563,369.95263671875
590,14,0.5414772629737854,14,0,0,17,14,74.49197769165039,13.424264343462147,369.95263671875
591,16,0.49232858419418335,16,0,0,18,16,133.31937789916992,7.500785075342196,369.95263671875
592,14,0.4943709671497345,14,0,0,19,14,74.82171058654785,13.365104755835258,369.95263671875
593,15,0.4683619737625122,15,0,0,16,15,108.54816436767578,9.212500329464685,369.95263671875
594,12,0.521905243396759,12,0,0,15,12,69.45538520812988,14.397731680609096,369.95263671875
595,12,0.525277316570282,12,0,0,15,12,69.9148178100586,14.3031195864195,369.95263671875
596,13,0.5456982851028442,13,0,0,15,13,81.77447319030762,12.228755025700682,369.95263671875
597,17,0.44904378056526184,17,0,0,19,17,124.50647354125977,8.03171089468383,369.95263671875
598,15,0.4859522879123688,15,0,0,21,15,126.7552375793457,7.8892203517351644,369.95263671875
599,15,0.4876995086669922,15,0,0,17,15,81.30311965942383,12.299651036626491,369.95263671875
600,15,0.486054390668869,15,0,0,19,15,83.23550224304199,12.0141042349942,369.95263671875
601,16,0.49107763171195984,16,0,0,18,16,160.39514541625977,6.23460265835843,369.95263671875
602,16,0.509609043598175,16,0,0,18,16,132.8890323638916,7.525075487506661,369.95263671875
603,17,0.5387951731681824,17,0,0,16,17,122.36285209655762,8.172414935301534,369.95263671875
604,21,0.452260285615921,21,0,0,19,21,179.26430702209473,5.578355315744744,369.95263671875
605,19,0.4993441104888916,19,0,0,22,19,155.32183647155762,6.4382447614384155,369.95263671875
606,19,0.4819387197494507,19,0,0,22,19,146.24953269958496,6.837628685310923,369.95263671875
607,17,0.49724268913269043,17,0,0,22,17,136.49392127990723,7.3263335877742595,369.95263671875
608,17,0.4853956997394562,17,0,0,23,17,218.1527614593506,4.58394380758886,369.95263671875
609,17,0.4628831744194031,17,0,0,22,17,133.15534591674805,7.510025174845209,369.95263671875
610,16,0.5052451491355896,16,0,0,20,16,159.91926193237305,6.253155423033918,369.95263671875
611,18,0.48451805114746094,18,0,0,20,18,129.3933391571045,7.728373087163613,369.95263671875
612,18,0.43234798312187195,18,0,0,24,18,139.13679122924805,7.187171639975188,369.95263671875
613,15,0.5247951745986938,15,0,0,19,15,90.02804756164551,11.107649527945869,369.95263671875
614,15,0.5441378355026245,15,0,0,17,15,101.45688056945801,9.85640396577533,369.95263671875
615,17,0.488208144903183,17,0,0,18,17,137.70055770874023,7.2621347120116075,369.95263671875
616,17,0.5230485796928406,17,0,0,18,17,127.28047370910645,7.856664662369604,369.95263671875
617,19,0.4823005199432373,19,0,0,20,19,134.77325439453125,7.419869799037645,369.95263671875
618,16,0.5152509212493896,16,0,0,18,16,141.7839527130127,7.0529843530608645,369.95263671875
619,19,0.5083871483802795,19,0,0,18,19,137.17150688171387,7.290143723961004,369.95263671875
620,18,0.5409200191497803,18,0,0,19,18,156.6915512084961,6.381965028027486,369.95263671875
621,19,0.5371302366256714,19,0,0,19,19,139.82820510864258,7.1516329571922075,369.95263671875
622,17,0.5161130428314209,17,0,0,20,17,89.81704711914062,11.13374389466978,369.95263671875
623,16,0.5559658408164978,16,0,0,20,16,175.53257942199707,5.696948129474612,369.95263671875
624,15,0.5422932505607605,15,0,0,17,15,91.39323234558105,10.94172921052563,369.95263671875
625,16,0.5324585437774658,16,0,0,18,16,178.54952812194824,5.6006868823366815,369.95263671875
626,16,0.5534037351608276,16,0,0,16,16,94.01559829711914,10.636532853194025,369.95263671875
627,16,0.5480561256408691,16,0,0,16,16,96.67229652404785,10.344225139528403,369.95263671875
628,17,0.5233598351478577,17,0,0,15,17,97.58329391479492,10.247655719360655,369.95263671875
629,15,0.5949526429176331,15,0,0,17,15,92.38147735595703,10.82468075442092,369.95263671875
630,18,0.5401488542556763,18,0,0,20,18,93.64724159240723,10.678371119060046,369.95263671875
631,15,0.576043963432312,15,0,0,20,15,88.71221542358398,11.272404766639971,369.95263671875
632,21,0.5325299501419067,21,0,0,21,21,177.62446403503418,5.6298551296558035,369.95263671875
633,17,0.5920358300209045,17,0,0,22,17,158.050537109375,6.327090171847847,369.95263671875
634,16,0.5912937521934509,16,0,0,21,16,139.74738121032715,7.1557691553085165,369.95263671875
635,16,0.5962742567062378,16,0,0,19,16,125.13089179992676,7.991631687552516,369.95263671875
636,18,0.5356524586677551,18,0,0,18,18,142.47822761535645,7.018616224646375,369.95263671875
637,17,0.5162959098815918,17,0,0,17,17,142.61198043823242,7.012033609848903,369.95263671875
638,16,0.5105212926864624,16,0,0,17,16,127.0897388458252,7.868455857109893,369.95263671875
639,17,0.5222586393356323,17,0,0,18,17,188.43889236450195,5.306760125004745,369.95263671875
640,18,0.5344697833061218,18,0,0,16,18,140.26308059692383,7.129459838927361,369.95263671875
641,18,0.5352573394775391,18,0,0,18,18,94.90609169006348,10.536731438332936,369.95263671875
642,14,0.5585543513298035,14,0,0,17,14,96.9092845916748,10.318928719920683,369.95263671875
643,15,0.6020070910453796,15,0,0,17,15,87.34250068664551,11.449179862477855,369.95263671875
644,16,0.5420739650726318,16,0,0,19,16,130.37610054016113,7.670117420730492,369.95263671875
645,15,0.546218991279602,15,0,0,16,15,110.26477813720703,9.069079146521826,369.95263671875
646,17,0.5643978714942932,17,0,0,19,17,151.65066719055176,6.594102212181383,369.95263671875
647,19,0.5003823041915894,19,0,0,21,19,143.79239082336426,6.9544709165341585,369.95263671875
648,18,0.518680989742279,18,0,0,20,18,129.36067581176758,7.73032448790773,369.95263671875
649,20,0.4685152471065521,20,0,0,19,20,143.91183853149414,6.948698663044018,369.95263671875
650,18,0.5236613154411316,18,0,0,22,18,128.63588333129883,7.7738806163791985,369.95263671875
651,20,0.46929222345352173,20,0,0,21,20,146.82817459106445,6.81068196063276,369.95263671875
652,19,0.5263334512710571,19,0,0,21,19,158.6019992828369,6.305090758765831,369.95263671875
653,17,0.5354952812194824,17,0,0,20,17,92.80824661254883,10.77490456397425,369.95263671875
654,20,0.4989054203033447,20,0,0,20,20,199.09191131591797,5.022805765389461,369.95263671875
655,17,0.492360383272171,17,0,0,21,17,160.40825843811035,6.234092993321948,369.95263671875
656,19,0.5167674422264099,19,0,0,18,19,143.58043670654297,6.964737139251437,369.95263671875
657,20,0.5232580900192261,20,0,0,20,20,197.74723052978516,5.056960834904728,369.95263671875
658,19,0.4874460697174072,19,0,0,22,19,128.02886962890625,7.8107383350217505,369.95263671875
659,19,0.46514153480529785,19,0,0,23,19,166.66173934936523,6.0001773886671534,369.95263671875
660,19,0.46488189697265625,19,0,0,24,19,176.666259765625,5.66039039557782,369.95263671875
661,18,0.4818509519100189,18,0,0,24,18,95.93677520751953,10.423531516844438,369.95263671875
662,18,0.4555809199810028,18,0,0,21,18,132.74502754211426,7.533238860361404,369.95263671875
663,21,0.44752034544944763,21,0,0,20,21,168.78461837768555,5.924710495611173,369.95263671875
664,19,0.47066572308540344,19,0,0,22,19,91.92228317260742,10.878755025288548,369.95263671875
665,21,0.466647207736969,21,0,0,23,21,107.12146759033203,9.335196973069218,369.95263671875
666,19,0.4619626998901367,19,0,0,22,19,83.6496353149414,11.95462474205648,369.95263671875
667,15,0.5184892416000366,15,0,0,20,15,86.21430397033691,11.599003343390237,369.95263671875
668,18,0.4762055575847626,18,0,0,19,18,136.13319396972656,7.345746991159122,369.95263671875
669,17,0.46933284401893616,17,0,0,22,17,164.1857624053955,6.090662097307031,369.95263671875
670,18,0.4507002830505371,18,0,0,22,18,143.85080337524414,6.951646960159375,369.95263671875
671,17,0.4450283944606781,17,0,0,21,17,92.49758720397949,10.811092810396868,369.95263671875
672,15,0.4472467005252838,15,0,0,19,15,90.99221229553223,10.989951499938424,369.95263671875
673,15,0.417664110660553,15,0,0,17,15,90.9278392791748,10.997731914971721,369.95263671875
674,15,0.4850007891654968,15,0,0,17,15,88.92679214477539,11.245204913857357,369.95263671875
675,15,0.5259504914283752,15,0,0,18,15,115.90719223022461,8.627592306901162,369.95263671875
676,19,0.41948002576828003,19,0,0,20,19,137.48526573181152,7.273506689441694,369.95263671875
677,19,0.4569266438484192,19,0,0,20,19,149.89209175109863,6.671466041454255,369.95263671875
678,18,0.450371116399765,18,0,0,20,18,197.4642276763916,5.0642083974765315,369.95263671875
679,15,0.4742966890335083,15,0,0,18,15,102.74457931518555,9.732873565352183,369.95263671875
680,17,0.4364984631538391,17,0,0,18,17,130.5220127105713,7.661542901713219,369.95263671875
681,18,0.4468664526939392,18,0,0,21,18,129.91714477539062,7.69721349502305,369.95263671875
682,18,0.4827786087989807,18,0,0,19,18,93.70183944702148,10.672149083747653,369.95263671875
683,20,0.4495202898979187,20,0,0,21,20,145.34354209899902,6.88025065000041,369.95263671875
684,18,0.4211357831954956,18,0,0,23,18,140.08593559265137,7.138475363492936,369.95263671875
685,17,0.4630352258682251,17,0,0,19,17,155.9286117553711,6.413191195268588,369.95263671875
686,15,0.44561612606048584,15,0,0,17,15,87.35013008117676,11.448179860415479,369.95263671875
687,18,0.45957550406455994,18,0,0,18,18,93.15061569213867,10.73530209725059,369.95263671875
688,19,0.46392732858657837,19,0,0,20,19,180.86910247802734,5.528860298963908,369.95263671875
689,16,0.49263787269592285,16,0,0,22,16,140.69080352783203,7.107785121165904,369.95263671875
690,15,0.46946990489959717,15,0,0,20,15,86.31372451782227,11.585643020114578,369.95263671875
691,14,0.515387773513794,14,0,0,17,14,70.89471817016602,14.105423165654406,369.95263671875
692,14,0.5259556174278259,14,0,0,14,14,86.38858795166016,11.575603024783353,369.95263671875
693,16,0.4836772084236145,16,0,0,16,16,130.41114807128906,7.668056104017667,369.95263671875
694,18,0.4619675874710083,18,0,0,19,18,131.03771209716797,7.631390872106141,369.95263671875
695,15,0.4714086353778839,15,0,0,20,15,87.65673637390137,11.408136343731556,369.95263671875
696,15,0.5034348964691162,15,0,0,17,15,84.41042900085449,11.846877356705258,369.95263671875
697,18,0.4479992687702179,18,0,0,18,18,146.8489170074463,6.809719951487915,369.95263671875
698,22,0.4447166621685028,22,0,0,24,22,149.8711109161377,6.672399996818352,369.95263671875
699,17,0.4784967303276062,17,0,0,23,17,181.95509910583496,5.495861368624496,369.95263671875
700,15,0.4938945174217224,15,0,0,17,15,70.48511505126953,14.187392604418948,369.95263671875
701,18,0.42770853638648987,18,0,0,20,18,148.63872528076172,6.727721851160344,369.95263671875
702,19,0.442401647567749,19,0,0,24,19,135.56838035583496,7.3763513097614375,369.95263671875
703,18,0.3952486217021942,18,0,0,25,18,114.27617073059082,8.750730739460348,369.95263671875
704,16,0.40754374861717224,16,0,0,22,16,144.98353004455566,6.897335164157505,369.95263671875
705,16,0.47270679473876953,16,0,0,19,16,185.09292602539062,5.402691618062282,369.95263671875
706,18,0.4621904194355011,18,0,0,19,18,130.22279739379883,7.679146969757998,369.95263671875
707,16,0.46768784523010254,16,0,0,21,16,161.346435546875,6.197843767732174,369.95263671875
708,14,0.4700351655483246,14,0,0,20,14,114.51983451843262,8.73211181456121,369.95263671875
709,13,0.45424124598503113,13,0,0,18,13,86.31443977355957,11.585547014189471,369.95263671875
710,11,0.5412029027938843,11,0,0,16,11,75.99329948425293,13.159054900718143,369.95263671875
711,15,0.4781154990196228,15,0,0,17,15,177.6254177093506,5.629824902854305,369.95263671875
712,14,0.46998730301856995,14,0,0,15,14,89.07771110534668,11.226152845545863,369.95263671875
713,15,0.4292880594730377,15,0,0,18,15,87.84222602844238,11.384046661980204,369.95263671875
714,16,0.44333359599113464,16,0,0,21,16,176.39803886413574,5.668997265724785,369.95263671875
715,11,0.5250585079193115,11,0,0,17,11,100.92353820800781,9.908491297034756,369.95263671875
716,16,0.4849931001663208,16,0,0,18,16,140.65933227539062,7.109375423751796,369.95263671875
717,17,0.455352246761322,17,0,0,22,17,138.566255569458,7.216764253969019,369.95263671875
718,15,0.45895421504974365,15,0,0,21,15,86.88211441040039,11.509848796685052,369.95263671875
719,15,0.48761531710624695,15,0,0,17,15,88.10687065124512,11.349852657442762,369.95263671875
720,14,0.47701317071914673,14,0,0,17,14,73.69661331176758,13.569144565294753,369.95263671875
721,14,0.4851270020008087,14,0,0,17,14,75.12331008911133,13.311447522929956,369.95263671875
722,14,0.522102415561676,14,0,0,16,14,72.64304161071777,13.765943410778931,369.95263671875
723,15,0.49296218156814575,15,0,0,17,15,91.63284301757812,10.913117688689065,369.95263671875
724,15,0.49038028717041016,15,0,0,19,15,78.62567901611328,12.71849111528898,369.95263671875
725,15,0.49839210510253906,15,0,0,18,15,84.87200736999512,11.78244784102433,369.95263671875
726,17,0.4809877872467041,17,0,0,20,17,174.35169219970703,5.73553366407579,369.95263671875
727,16,0.4570225775241852,16,0,0,19,16,137.3436450958252,7.281006698943341,369.95263671875
728,16,0.49622830748558044,16,0,0,20,16,88.26255798339844,11.329832522960562,369.95263671875
729,18,0.47694554924964905,18,0,0,18,18,147.9341983795166,6.7597621844988005,369.95263671875
730,17,0.46135246753692627,17,0,0,20,17,144.62518692016602,6.914424944197348,369.95263671875
731,17,0.436974436044693,17,0,0,19,17,188.13633918762207,5.315294239900849,369.95263671875
732,15,0.49871596693992615,15,0,0,20,15,80.88183403015137,12.363715684627243,369.95263671875
733,16,0.5142307281494141,16,0,0,17,16,126.77359580993652,7.888077904639035,369.95263671875
734,14,0.5096020102500916,14,0,0,16,14,84.43951606750488,11.842796436689113,369.95263671875
735,15,0.4885576069355011,15,0,0,15,15,124.37152862548828,8.040425417711424,369.95263671875
736,15,0.5024831295013428,15,0,0,17,15,121.15311622619629,8.254017982772906,369.95263671875
737,16,0.47508323192596436,16,0,0,17,16,132.5993537902832,7.541514882354422,369.95263671875
738,15,0.4645596444606781,15,0,0,18,15,120.87845802307129,8.272772637529314,369.95263671875
739,11,0.45017293095588684,11,0,0,16,11,85.05535125732422,11.757049794252525,369.95263671875
740,12,0.4420475661754608,12,0,0,15,12,89.10107612609863,11.22320900574499,369.95263671875
741,13,0.4568829834461212,13,0,0,14,13,116.98484420776367,8.548115841604337,369.95263671875
742,10,0.5124140977859497,10,0,0,15,10,61.048030853271484,16.38054472884626,369.95263671875
743,14,0.4270022511482239,14,0,0,13,14,83.15110206604004,12.02629881208048,369.95263671875
744,15,0.4614373445510864,15,0,0,17,15,83.21690559387207,12.016789051017513,369.95263671875
745,13,0.4669770896434784,13,0,0,17,13,72.55816459655762,13.782046521714843,369.95263671875
746,16,0.452006995677948,16,0,0,16,16,154.52337265014648,6.471512903514483,369.95263671875
747,16,0.48460280895233154,16,0,0,21,16,132.89237022399902,7.52488648004722,369.95263671875
748,16,0.48729243874549866,16,0,0,22,16,135.07843017578125,7.40310646709969,369.95263671875
749,18,0.45662879943847656,18,0,0,18,18,131.47878646850586,7.6057897008316075,369.95263671875
750,15,0.4745088517665863,15,0,0,20,15,87.89491653442383,11.377222249347634,369.95263671875
751,15,0.47625091671943665,15,0,0,17,15,86.74287796020508,11.528323979044927,369.95263671875
752,13,0.5231048464775085,13,0,0,14,13,73.78435134887695,13.553009299650375,369.95263671875
753,14,0.5257353186607361,14,0,0,13,14,82.38649368286133,12.137911874844452,369.95263671875
754,13,0.5343012809753418,13,0,0,15,13,74.77188110351562,13.374011530023978,369.95263671875
755,15,0.4882729649543762,15,0,0,16,15,118.04771423339844,8.471150894314198,369.95263671875
756,16,0.4887307584285736,16,0,0,21,16,95.41177749633789,10.48088638782966,369.95263671875
757,16,0.4903709888458252,16,0,0,20,16,131.3016414642334,7.616051016943305,369.95263671875
758,15,0.47811073064804077,15,0,0,18,15,87.38231658935547,11.443963023999476,369.95263671875
759,14,0.5150216817855835,14,0,0,16,14,84.93804931640625,11.773286625348064,369.95263671875
760,13,0.519743800163269,13,0,0,16,13,74.71776008605957,13.383698853501558,369.95263671875
761,14,0.49518218636512756,14,0,0,16,14,82.86738395690918,12.06747398373282,369.95263671875
762,16,0.49077296257019043,16,0,0,16,16,125.79011917114258,7.9497500009476845,369.95263671875
763,14,0.4727013409137726,14,0,0,16,14,84.08713340759277,11.892425862024968,369.95263671875
764,15,0.4484758675098419,15,0,0,16,15,89.57839012145996,11.163406694896985,369.95263671875
765,10,0.5248971581459045,10,0,0,15,10,69.16689872741699,14.45778281806368,369.95263671875
766,18,0.4257853031158447,18,0,0,14,18,173.60734939575195,5.760124807391762,369.95263671875
767,14,0.4471146762371063,14,0,0,16,14,85.67118644714355,11.672535907004962,369.95263671875
768,16,0.41489243507385254,16,0,0,15,16,183.26997756958008,5.456431071042943,369.95263671875
769,13,0.45089101791381836,13,0,0,15,13,70.51777839660645,14.180821102669952,369.95263671875
770,16,0.4359046220779419,16,0,0,19,16,88.92178535461426,11.245838081321304,369.95263671875
771,15,0.49617528915405273,15,0,0,19,15,77.9883861541748,12.822422020928931,369.95263671875
772,16,0.4627736210823059,16,0,0,17,16,188.48109245300293,5.30557196472822,369.95263671875
773,14,0.47294098138809204,14,0,0,19,14,82.00860023498535,12.193843049809722,369.95263671875
774,16,0.45406898856163025,16,0,0,15,16,125.62298774719238,7.9603265129502505,369.95263671875
775,15,0.4577213227748871,15,0,0,17,15,84.11192893981934,11.888920068822618,369.95263671875
776,14,0.48900702595710754,14,0,0,17,14,85.85906028747559,11.646994465718276,369.95263671875
777,16,0.42905691266059875,16,0,0,18,16,135.94317436218262,7.356014781115669,369.95263671875
778,15,0.4749819040298462,15,0,0,18,15,87.20636367797852,11.467053066134456,369.95263671875
779,14,0.489860862493515,14,0,0,18,14,90.2407169342041,11.08147224416574,369.95263671875
780,14,0.5361776947975159,14,0,0,15,14,81.82621002197266,12.221023064999242,369.95263671875
781,14,0.5050780773162842,14,0,0,16,14,83.50133895874023,11.975855866145105,369.95263671875
782,14,0.5001872777938843,14,0,0,16,14,84.57660675048828,11.823600383379377,369.95263671875
783,18,0.5070180892944336,18,0,0,19,18,174.9258041381836,5.716709463916739,369.95263671875
784,13,0.5528808832168579,13,0,0,17,13,72.27849960327148,13.835372973828829,369.95263671875
785,12,0.5592069029808044,12,0,0,14,12,69.82970237731934,14.320553660626794,369.95263671875
786,14,0.49927085638046265,14,0,0,16,14,82.20124244689941,12.165266244558076,369.95263671875
787,15,0.45482882857322693,15,0,0,16,15,91.8118953704834,10.891834832128843,369.95263671875
788,14,0.4863561987876892,14,0,0,19,14,75.85024833679199,13.183872458265098,369.95263671875
789,15,0.4652406573295593,15,0,0,17,15,119.36569213867188,8.377616567064011,369.95263671875
790,15,0.478936105966568,15,0,0,19,15,72.16596603393555,13.856947463708265,369.95263671875
791,11,0.5088343620300293,11,0,0,16,11,60.67395210266113,16.481537222233136,369.95263671875
792,14,0.46149665117263794,14,0,0,17,14,79.82778549194336,12.526966567310392,369.95263671875
793,16,0.4851987659931183,16,0,0,17,16,192.3696994781494,5.198323866558758,369.95263671875
794,19,0.452934205532074,19,0,0,20,19,135.31064987182617,7.390401279923317,369.95263671875
795,18,0.4974038302898407,18,0,0,19,18,138.89813423156738,7.199520753337304,369.95263671875
796,19,0.4512031376361847,19,0,0,20,19,173.24542999267578,5.772158030617469,369.95263671875
797,16,0.5090265274047852,16,0,0,21,16,142.82631874084473,7.001510707662209,369.95263671875
798,15,0.5058662295341492,15,0,0,17,15,80.64579963684082,12.399901848616272,369.95263671875
799,13,0.510560929775238,13,0,0,17,13,82.42917060852051,12.131627585448888,369.95263671875
800,14,0.4794795513153076,14,0,0,18,14,81.62093162536621,12.251759200567852,369.95263671875
801,14,0.502015233039856,14,0,0,17,14,81.85434341430664,12.216822691234468,369.95263671875
802,18,0.4511461853981018,18,0,0,21,18,123.47102165222168,8.099066377021481,369.95263671875
803,15,0.4603595435619354,15,0,0,20,15,82.29827880859375,12.150922406600538,369.95263671875
804,15,0.484505832195282,15,0,0,16,15,84.53249931335449,11.829769711328284,369.95263671875
805,17,0.436396062374115,17,0,0,17,17,93.70541572570801,10.671741779868661,369.95263671875
806,18,0.42675673961639404,18,0,0,17,18,116.06073379516602,8.616178506719475,369.95263671875
807,15,0.49008169770240784,15,0,0,17,15,76.95317268371582,12.99491580561709,369.95263671875
808,17,0.5050550699234009,17,0,0,20,17,85.96444129943848,11.632716794106962,369.95263671875
809,16,0.5280845165252686,16,0,0,20,16,245.6667423248291,4.07055505575014,369.95263671875
810,17,0.4817869961261749,17,0,0,17,17,133.88872146606445,7.468889007603683,369.95263671875
811,15,0.5003178119659424,15,0,0,19,15,84.40804481506348,11.847211983063726,369.95263671875
812,16,0.5167942047119141,16,0,0,16,16,182.3723316192627,5.48328790404288,369.95263671875
813,18,0.5132565498352051,18,0,0,19,18,130.66887855529785,7.652931677811939,369.95263671875
814,17,0.5018301010131836,17,0,0,20,17,131.99305534362793,7.5761561651605165,369.95263671875
815,18,0.47331270575523376,18,0,0,19,18,121.97566032409668,8.19835692910323,369.95263671875
816,19,0.4943050444126129,19,0,0,20,19,131.10971450805664,7.627199889437257,369.95263671875
817,16,0.5170189142227173,16,0,0,18,16,135.55598258972168,7.377025940836812,369.95263671875
818,16,0.4958649277687073,16,0,0,19,16,229.8424243927002,4.350806874067066,369.95263671875
819,14,0.4884127080440521,14,0,0,17,14,70.75357437133789,14.13356157459513,369.95263671875
820,18,0.4684726297855377,18,0,0,18,18,141.37840270996094,7.073216140739042,369.95263671875
821,19,0.4566938877105713,19,0,0,19,19,137.69197463989258,7.262587399267907,369.95263671875
822,18,0.5104618072509766,18,0,0,21,18,196.98476791381836,5.076534650828962,369.95263671875
823,22,0.4408140480518341,22,0,0,20,22,159.7917079925537,6.258147012525831,369.95263671875
824,22,0.4728575050830841,22,0,0,22,22,153.1050205230713,6.531464458732826,369.95263671875
825,15,0.5193502306938171,15,0,0,21,15,107.74445533752441,9.281220057842992,369.95263671875
826,11,0.5406717658042908,11,0,0,14,11,65.31906127929688,15.309466799042223,369.95263671875
827,16,0.4722355008125305,16,0,0,15,16,140.2420997619629,7.130526437477262,369.95263671875
828,18,0.46994563937187195,18,0,0,18,18,138.6282444000244,7.21353721478582,369.95263671875
829,14,0.5199927091598511,14,0,0,17,14,72.75867462158203,13.744065641670927,369.95263671875
830,15,0.4992104470729828,15,0,0,17,15,80.76167106628418,12.382111301031177,369.95263671875
831,14,0.514616847038269,14,0,0,15,14,76.58934593200684,13.056646297616416,369.95263671875
832,15,0.4930843412876129,15,0,0,14,15,82.60202407836914,12.106240871909439,369.95263671875
833,14,0.47398439049720764,14,0,0,16,14,82.35979080200195,12.141847256558265,369.95263671875
834,14,0.5089763402938843,14,0,0,17,14,82.78441429138184,12.079568461766646,369.95263671875
835,16,0.4517762064933777,16,0,0,17,16,131.91461563110352,7.580661136113069,369.95263671875
836,15,0.4597405791282654,15,0,0,17,15,86.55810356140137,11.552933334435107,369.95263671875
837,15,0.4461073577404022,15,0,0,18,15,103.9271354675293,9.62212607420934,369.95263671875
838,16,0.45189741253852844,16,0,0,17,16,130.7661533355713,7.647238788418026,369.95263671875
839,16,0.44404107332229614,16,0,0,17,16,129.25267219543457,7.7367839520405814,369.95263671875
840,16,0.44188594818115234,16,0,0,19,16,128.1874179840088,7.801077638717621,369.95263671875
841,14,0.47652819752693176,14,0,0,20,14,69.5199966430664,14.384350521969354,369.95263671875
842,18,0.44047099351882935,18,0,0,18,18,148.98014068603516,6.712304038612955,369.95263671875
843,18,0.4669816195964813,18,0,0,18,18,188.47227096557617,5.305820293228422,369.95263671875
844,18,0.4685276448726654,18,0,0,19,18,144.87981796264648,6.90227261507068,369.95263671875
845,18,0.5264498591423035,18,0,0,20,18,139.39809799194336,7.1736990274988965,369.95263671875
846,17,0.525347113609314,17,0,0,20,17,134.47308540344238,7.436432331420284,369.95263671875
847,17,0.505708634853363,17,0,0,20,17,121.75130844116211,8.21346409170841,369.95263671875
848,22,0.4692319929599762,22,0,0,19,22,93.9490795135498,10.644063839452254,369.95263671875
849,18,0.4602731168270111,18,0,0,22,18,196.84648513793945,5.080100867939063,369.95263671875
850,16,0.5042088031768799,16,0,0,17,16,137.15672492980957,7.29092941313489,369.95263671875
851,19,0.4354664087295532,19,0,0,18,19,136.40069961547852,7.33134069560536,369.95263671875
852,16,0.43951183557510376,16,0,0,19,16,159.41214561462402,6.273047741402853,369.95263671875
853,16,0.48606136441230774,16,0,0,21,16,138.7932300567627,7.2049623716591,369.95263671875
854,12,0.5036418437957764,12,0,0,16,12,101.09281539916992,9.89189979576146,369.95263671875
855,16,0.49415236711502075,16,0,0,17,16,128.55052947998047,7.779042249341593,369.95263671875
856,17,0.4775359630584717,17,0,0,17,17,138.1852626800537,7.236661714898955,369.95263671875
857,18,0.4809437394142151,18,0,0,19,18,139.7566795349121,7.155293065976096,369.95263671875
858,14,0.47435107827186584,14,0,0,18,14,86.14754676818848,11.607991608755455,369.95263671875
859,13,0.48529860377311707,13,0,0,14,13,75.43087005615234,13.257171755483911,369.95263671875
860,18,0.4840073585510254,18,0,0,17,18,140.73443412780762,7.105581560031375,369.95263671875
861,17,0.4979921877384186,17,0,0,18,17,126.98078155517578,7.875207474333266,369.95263671875
862,18,0.4572482109069824,18,0,0,17,18,149.11389350891113,6.706283207206574,369.95263671875
863,20,0.45648837089538574,20,0,0,20,20,94.66671943664551,10.563374393355177,369.95263671875
864,19,0.47173142433166504,19,0,0,19,19,161.9257926940918,6.175668393294129,369.95263671875
865,18,0.5025890469551086,18,0,0,19,18,152.39381790161133,6.561945975037,369.95263671875
866,17,0.5057255029678345,17,0,0,19,17,150.69055557250977,6.636115954319491,369.95263671875
867,18,0.5250425934791565,18,0,0,21,18,178.68304252624512,5.596501972777406,369.95263671875
868,18,0.4587513208389282,18,0,0,21,18,147.17626571655273,6.7945738066618935,369.95263671875
869,19,0.44228291511535645,19,0,0,20,19,144.39153671264648,6.925613666610526,369.95263671875
870,20,0.43131953477859497,20,0,0,21,20,143.51129531860352,6.968092635356271,369.95263671875
871,17,0.4420087933540344,17,0,0,21,17,145.8420753479004,6.856731828688945,369.95263671875
872,17,0.4851457476615906,17,0,0,19,17,117.20728874206543,8.531892604398264,369.95263671875
873,22,0.434641569852829,22,0,0,20,22,154.1726589202881,6.486234375169142,369.95263671875
874,19,0.4559091329574585,19,0,0,22,19,159.9123477935791,6.253425791051719,369.95263671875
875,19,0.4509861469268799,19,0,0,19,19,194.73576545715332,5.13516352608594,369.95263671875
876,21,0.4496235251426697,21,0,0,24,21,197.4031925201416,5.065774201691126,369.95263671875
877,19,0.4621581435203552,19,0,0,21,19,149.43885803222656,6.691699957880764,369.95263671875
878,20,0.48372402787208557,20,0,0,21,20,151.60322189331055,6.596165882963499,369.95263671875
879,19,0.4762257933616638,19,0,0,20,19,150.01177787780762,6.666143246529296,369.95263671875
880,22,0.46787694096565247,22,0,0,21,22,153.6412239074707,6.50866983852096,369.95263671875
881,22,0.4357790946960449,22,0,0,24,22,155.88736534118652,6.4148880687753405,369.95263671875
882,21,0.47343382239341736,21,0,0,22,21,154.86598014831543,6.4571960803935005,369.95263671875
883,19,0.503315806388855,19,0,0,20,19,150.59900283813477,6.6401502078656485,369.95263671875
884,18,0.5158164501190186,18,0,0,20,18,143.9971923828125,6.944579845289817,369.95263671875
885,18,0.46640050411224365,18,0,0,20,18,147.4308967590332,6.7828387534970975,369.95263671875
886,15,0.4971531629562378,15,0,0,21,15,85.35647392272949,11.715572985187606,369.95263671875
887,15,0.49488595128059387,15,0,0,17,15,88.1648063659668,11.342394331918115,369.95263671875
888,16,0.48149365186691284,16,0,0,16,16,171.08702659606934,5.844978546274967,369.95263671875
889,14,0.5357267260551453,14,0,0,16,14,86.76767349243164,11.525029538647543,369.95263671875
890,14,0.5422726273536682,14,0,0,14,14,73.64940643310547,13.5778419464695,369.95263671875
891,19,0.4296741485595703,19,0,0,17,19,138.32473754882812,7.229364882380519,369.95263671875
892,15,0.49697577953338623,15,0,0,18,15,85.43872833251953,11.704294053957517,369.95263671875
893,16,0.5008782148361206,16,0,0,17,16,176.8801212310791,5.653546554808064,369.95263671875
894,17,0.4632192850112915,17,0,0,20,17,188.75718116760254,5.297811684907889,369.95263671875
895,13,0.49097537994384766,13,0,0,17,13,95.26634216308594,10.496886699901896,369.95263671875
896,15,0.49799680709838867,15,0,0,15,15,89.25652503967285,11.203662696430527,369.95263671875
897,15,0.4959407150745392,15,0,0,16,15,88.64235877990723,11.28128824372702,369.95263671875
898,12,0.5265621542930603,12,0,0,16,12,63.681602478027344,15.703122426057657,369.95263671875
899,18,0.4545076787471771,18,0,0,18,18,181.46276473999023,5.510772424485292,369.95263671875
900,15,0.47284188866615295,15,0,0,19,15,83.79530906677246,11.933842253665393,369.95263671875
901,19,0.38520586490631104,19,0,0,21,19,159.41882133483887,6.2727850552829505,369.95263671875
902,13,0.3991204798221588,13,0,0,22,13,113.40117454528809,8.818250816270323,369.95263671875
903,16,0.43404656648635864,16,0,0,16,16,195.0383186340332,5.1271976040584315,369.95263671875
904,16,0.4807216227054596,16,0,0,18,16,185.9421730041504,5.378016099541222,369.95263671875
905,16,0.4207298755645752,16,0,0,16,16,154.70552444458008,6.463893281058806,369.95263671875
906,15,0.40031346678733826,15,0,0,17,15,87.09907531738281,11.48117814518778,369.95263671875
907,16,0.4393531382083893,16,0,0,18,16,133.7578296661377,7.476197860686142,369.95263671875
908,13,0.5020883083343506,13,0,0,15,13,108.08539390563965,9.251943892372884,369.95263671875
